metric,mean,std,min,max,median,count
num_vertices,10342.74358974359,8915.121591180674,1068.0,38740.0,6867.0,78
num_faces,20737.74358974359,17840.015814667513,2136.0,77488.0,13825.0,78
k,30.0,0.0,30.0,30.0,30.0,78
pred_patch_extraction_ms,52.72483205398879,48.337920562236455,4.518000001553446,219.2448999849148,36.271049990318716,78
pred_inference_ms,245.58571025651568,85.92871572060814,15.041599981486797,398.82820000639185,257.31549999909475,78
pred_assembly_ms,22.728060259489723,16.356826689193092,5.3251999779604375,85.05410002544522,18.108250020304695,78
pred_total_ms,321.0386025699942,131.41161263407227,25.12329997261986,703.1272000167519,306.50130001595244,78
robust_total_ms,345.30472435887,299.9681793068906,25.6152999936603,1369.3485999829136,265.60200002859347,78
gt_assembly_ms,56.68463333411357,16.04953888708135,36.29499999806285,101.25160001916811,48.47045001224615,78
nelo_graph_tree_ms,519.396394871038,460.332411559638,54.85790001694113,1914.330900006462,342.670249985531,78
nelo_inference_ms,208.11692692223005,142.03061436798805,61.69559998670593,537.0357999927364,138.3948500151746,78
nelo_assembly_ms,23.813961540163756,19.621120455641286,3.9108999771997333,108.32749999826774,17.894400021759793,78
nelo_total_ms,751.3272833334318,608.2548272379272,125.52010006038472,2496.9489999930374,502.6237499550916,78
gt_geodesic_solve_ms,126.82337638659355,134.26004484629044,6.515741348266602,630.8901309967041,74.67830181121826,78
pred_geodesic_solve_ms,715.203474729489,1002.884121428106,15.096664428710938,5299.262523651123,363.8092279434204,78
robust_geodesic_solve_ms,368.17089872112354,352.5820663652586,25.71770001668483,1484.6133000100963,231.57289999653585,78
nelo_geodesic_solve_ms,631.0288997796865,887.5444801638339,14.545679092407227,4453.964710235596,288.8600826263428,78
gt_greens_solve_ms,721.1677935922172,1176.084034910774,18.726399983279407,6568.108699982986,243.7389999977313,78
pred_greens_solve_ms,904.5454461570794,1270.8098089290593,22.947399993427098,6515.670599997975,348.1537500047125,78
robust_greens_solve_ms,706.8312564119996,1204.2749162579933,19.49779997812584,7290.050000010524,213.78704998642206,78
nelo_greens_solve_ms,884.7164128226443,1338.4466866226503,23.09059997787699,7943.934600043576,339.9508500297088,78
pred_e2e_geodesic_ms,1036.2420772994833,1099.522159901393,41.49693431099877,5909.608523710631,688.1961009057704,78
pred_e2e_greens_ms,1225.5840487270737,1343.0667986634867,53.5447999718599,6782.112299988512,681.2155500228982,78
robust_e2e_geodesic_ms,368.17089872112354,352.5820663652586,25.71770001668483,1484.6133000100963,231.57289999653585,78
robust_e2e_greens_ms,1052.1359807708695,1361.537327127768,45.11309997178614,7504.9119999748655,504.1236499964725,78
nelo_e2e_geodesic_ms,1382.3561831131183,1443.9254031941039,141.04806369869038,6676.468810241204,790.7750551239587,78
nelo_e2e_greens_ms,1636.043696156076,1736.2963530903542,154.22560001024976,8427.763100015,854.6424499945715,78
gt_e2e_geodesic_ms,183.50800972070712,147.59787923702416,47.388414735905826,717.7484310232103,121.81506128399633,78
gt_e2e_greens_ms,777.8524269263307,1183.2904613367575,62.718600034713745,6611.1725000082515,297.20590001670644,78
pred_eigvec_cos_top5,0.3896241594472794,0.24475645068676605,2.472964446861905e-06,0.9820997498933008,0.33286670116238903,78
pred_eigvec_cos_top10,0.31250801122378397,0.18829036436319355,0.010633862193140222,0.8674150905311471,0.27040245669941704,78
pred_eigvec_cos_top20,0.24331156244005825,0.1387079970150604,0.027703800032161607,0.8385349765041719,0.21452992941500906,78
pred_eigvec_cos_top50,0.16484208188152483,0.0799476894796882,0.050393818842396285,0.43675483603584486,0.14862608193382792,78
pred_eigvec_cos_all,0.1525409972418315,0.07297763041296712,0.05144505364699024,0.4135085390877211,0.13259253338113497,78
pred_eigvec_cos_0,0.6209489526149229,0.38601680937805866,2.4184067706795593e-08,0.9999999999998223,0.7712799129895296,78
pred_eigvec_cos_1,0.38215175481386826,0.3542776695843604,1.6772846596126882e-10,0.9988676795137119,0.2435406264043247,78
pred_eigvec_cos_2,0.33098778161663145,0.33712451183833425,1.0032689376857172e-08,0.9967739241283505,0.19894621760929382,78
pred_eigvec_cos_3,0.34324675417920647,0.3456291751540104,2.725524819711237e-07,0.9988503944654056,0.22991230679146674,78
pred_eigvec_cos_4,0.27078555401176835,0.30348938723040214,1.355048869978312e-08,0.9874371201697695,0.1353115019356479,78
pred_eigvec_cos_5,0.2921301782301941,0.3077572122381666,8.172283506516643e-09,0.9975943282303398,0.17640039653660028,78
pred_eigvec_cos_6,0.314326317398193,0.30262325138974905,0.00023434866752979452,0.9978982485654989,0.20407920573625943,78
pred_eigvec_cos_7,0.2093686944161758,0.23187999654104122,1.6333524318153659e-07,0.9842568313023077,0.11955292358123767,78
pred_eigvec_cos_8,0.18276063213831883,0.2338541151779444,7.428928136496477e-09,0.9769034729495217,0.09290065342951395,78
pred_eigvec_cos_9,0.17837349281856119,0.24234548439447218,1.2466232493712312e-16,0.9923874501249506,0.0690764279214078,78
pred_eigvec_cos_10,0.20587548751130982,0.2309616059707481,2.1245447093969285e-16,0.9868366969389921,0.1288635987046891,78
pred_eigvec_cos_11,0.20755882870081388,0.2319108256234193,0.00013140153921933011,0.9951854219045555,0.11867750875284012,78
pred_eigvec_cos_12,0.14079436788184901,0.18894739065390764,1.5947036436288063e-15,0.9853574226771746,0.06887217108622007,78
pred_eigvec_cos_13,0.15658874209158632,0.20327668468416993,0.0005525272507133014,0.9810294239642848,0.07040495920641975,78
pred_eigvec_cos_14,0.17700061521099084,0.21597642785565027,3.692536687913853e-16,0.9924217745915362,0.11374162689067976,78
pred_eigvec_cos_15,0.18045493509225752,0.2094007998751312,0.0007725882583014304,0.988876259270954,0.10286016191409372,78
pred_eigvec_cos_16,0.15365882559861196,0.20893762160987014,9.413896375072695e-06,0.9798443556218002,0.0682420743737558,78
pred_eigvec_cos_17,0.16922899140509365,0.21302339748014387,4.020941519439005e-05,0.9826450507410349,0.09106243625217118,78
pred_eigvec_cos_18,0.1753115790695463,0.21523006365506483,3.2501525861979e-05,0.9859252399286381,0.09145649652815516,78
pred_eigvec_cos_19,0.17467876400126417,0.22514687004962736,5.93284181400212e-05,0.9735987504830332,0.09066933430019786,78
pred_eigvec_cos_20,0.15295459852760965,0.18374835962193942,1.4586980531136024e-13,0.964977047270475,0.08409532070981875,78
pred_eigvec_cos_21,0.1635361133414671,0.18693408336774137,1.032671266303367e-13,0.9032961652851323,0.1018376155843353,78
pred_eigvec_cos_22,0.1437528281469072,0.18907035940413516,3.6203305712454985e-14,0.9540307433231615,0.08671075554326252,78
pred_eigvec_cos_23,0.15617785178363117,0.19064619040759037,0.0008760883170820556,0.9170375653263131,0.08442012933205106,78
pred_eigvec_cos_24,0.1292267422205085,0.1519319130632789,1.8036794035997044e-05,0.9170885457463405,0.0777363840709801,78
pred_eigvec_cos_25,0.12717734174165596,0.13271576071295532,8.829702814480239e-05,0.6532593336282002,0.07794024890150772,78
pred_eigvec_cos_26,0.08676009792383434,0.08405211194256541,4.7603577807629995e-14,0.33431951225069095,0.04701131844338355,78
pred_eigvec_cos_27,0.12292219451789584,0.1790370124986112,3.5872187864421293e-13,0.9513978991418753,0.06303594908502218,78
pred_eigvec_cos_28,0.1425199155226356,0.18868120667269908,4.506118607588971e-13,0.9280281980042971,0.06413300112406647,78
pred_eigvec_cos_29,0.12358328059790682,0.154596170686694,2.157219081929401e-14,0.8815626807376955,0.06601778493385087,78
pred_eigvec_cos_30,0.10696060074068367,0.1189631530256813,2.0383305919952702e-14,0.5213422822487804,0.08424496745261217,78
pred_eigvec_cos_31,0.10787473944671148,0.11332713286457742,7.993272227819837e-07,0.7510965649791309,0.08193778239914656,78
pred_eigvec_cos_32,0.10566085119427744,0.1500786540457984,1.7535669013362197e-14,0.640421051822903,0.045484438257712104,78
pred_eigvec_cos_33,0.09880874374469573,0.1286020533933557,7.370796375210686e-05,0.6264145764524742,0.055420208643418886,78
pred_eigvec_cos_34,0.13175699691977089,0.14453941521909072,9.349716909951358e-05,0.6900819452689297,0.07611035245292488,78
pred_eigvec_cos_35,0.10845265349699038,0.1231381001714527,1.4204731334966956e-14,0.5397670540310601,0.06427531463583999,78
pred_eigvec_cos_36,0.09046604158482655,0.1075663889292933,1.9654838525372645e-06,0.5293032345005454,0.04792968707764853,78
pred_eigvec_cos_37,0.13116515221277383,0.19280975099484673,1.0595923552714454e-05,0.9256349045033316,0.05454242478449597,78
pred_eigvec_cos_38,0.0990653962773345,0.16167885159169698,9.652509755674091e-15,0.8557157697835348,0.03844738785294638,78
pred_eigvec_cos_39,0.10189161923045864,0.1445698251826528,0.0004524295508307152,0.7805763052910576,0.051328039088618674,78
pred_eigvec_cos_40,0.09712325032842592,0.1212426846706986,1.9812758517322478e-14,0.6751288805133218,0.05503539257680709,78
pred_eigvec_cos_41,0.10835851587480835,0.1330969679316611,1.5733052584704333e-14,0.7043538548139632,0.05893636001637257,78
pred_eigvec_cos_42,0.10270047990087487,0.12272193031120399,6.009841803721892e-14,0.695509486753463,0.059882752991348674,78
pred_eigvec_cos_43,0.08967294912083267,0.10577073874243104,3.497468405699167e-06,0.5676147616990892,0.05177020886511267,78
pred_eigvec_cos_44,0.10258246827808894,0.10018119680590563,5.212380951971071e-14,0.5023097348188122,0.08097438027508425,78
pred_eigvec_cos_45,0.0964486297232595,0.13244994990565742,1.8862233070907655e-13,0.7072077825735595,0.04599751588892605,78
pred_eigvec_cos_46,0.11126534897376761,0.14381750956369965,5.936550110178092e-07,0.7049845116194129,0.0406434365133435,78
pred_eigvec_cos_47,0.07570331627507093,0.11231811779762375,1.726886211814927e-14,0.7543033304062681,0.031058596448751474,78
pred_eigvec_cos_48,0.07801877346069659,0.08770146927241436,0.000259637567592484,0.4315642822171756,0.04520012426670801,78
pred_eigvec_cos_49,0.08328535416667716,0.1180569235389158,3.286267309385128e-07,0.7280124432627286,0.04449285196556607,78
pred_eigvec_cos_50,0.1103466047199158,0.12365085134396614,4.5652341493703386e-14,0.5434947739046708,0.06511372481553507,78
pred_eigvec_cos_51,0.10541584348452403,0.13915870748835038,1.8260616262223466e-13,0.7867853807686426,0.06073869792498843,78
pred_eigvec_cos_52,0.09036495296965762,0.14254680978335516,7.231946202188217e-06,0.8018643398581565,0.026140456234142014,78
pred_eigvec_cos_53,0.10373836133579169,0.12021027769751623,1.2762677460381507e-14,0.4790466098281464,0.05031308847473275,78
pred_eigvec_cos_54,0.09920279901383185,0.11420658928013201,1.682029028797743e-14,0.543320855071262,0.06206154277938014,78
pred_eigvec_cos_55,0.08028061737206264,0.08280552372605149,5.596796396986339e-07,0.3762639512376489,0.050390095119414294,78
pred_eigvec_cos_56,0.06963744222181323,0.07025676109022637,4.161300291277944e-07,0.37949645762668627,0.04486991826601338,78
pred_eigvec_cos_57,0.08026419176094222,0.09567366719513268,2.0182117282655915e-13,0.5333418058638927,0.04810406513613892,78
pred_eigvec_cos_58,0.08241278109030443,0.11115765120980697,2.652117555424422e-07,0.5433809120278968,0.040086751558359716,78
pred_eigvec_cos_59,0.08869214646480393,0.12132027878767657,2.861294419453063e-06,0.6474722254512387,0.04260702425787766,78
robust_eigvec_cos_top5,0.4571297833842674,0.2728281506947793,0.015010054680386848,0.9994214813644093,0.41877563300958076,78
robust_eigvec_cos_top10,0.36567584138293713,0.217067974608331,0.009428649897948508,0.9984323394499187,0.33070607174808064,78
robust_eigvec_cos_top20,0.2766470983198126,0.15830987661612267,0.05633808508278043,0.8923202392848688,0.2476727695422664,78
robust_eigvec_cos_top50,0.18865570927501762,0.10609886351861263,0.060446704386830315,0.6834580726596973,0.15245649998992805,78
robust_eigvec_cos_all,0.17668870487539656,0.10142195538145514,0.056227973972639816,0.6557527077445037,0.14503679549024023,78
robust_eigvec_cos_0,0.676124552219395,0.38568943335006467,7.751558640264191e-09,1.000000000000002,0.9971579939499402,78
robust_eigvec_cos_1,0.48276233822186765,0.37163017201212034,4.605273876713501e-08,0.9999997267647068,0.3527861320740673,78
robust_eigvec_cos_2,0.410769416415183,0.37071957932281685,2.2792915749847902e-06,0.9999997793021072,0.2635939289922875,78
robust_eigvec_cos_3,0.35143221056396134,0.35372310212972186,1.81705026670233e-08,0.9979551422978044,0.19223211426096093,78
robust_eigvec_cos_4,0.36456039950093,0.3381294110100753,1.3550391255797142e-08,0.9991527584586443,0.26511123682419185,78
robust_eigvec_cos_5,0.32162739022146664,0.34315709793037097,4.018351999638966e-08,0.9992786757074902,0.17237176151028225,78
robust_eigvec_cos_6,0.3138237699422406,0.30797229671085574,1.8017740791523877e-06,0.9981276668516393,0.18270567730467907,78
robust_eigvec_cos_7,0.2717622545892896,0.2956477373163932,2.3592657630369784e-05,0.9965053546473763,0.15611272795706232,78
robust_eigvec_cos_8,0.23499220645453173,0.27556681580929193,6.4772892283236165e-09,0.9978015966172793,0.12220404499112048,78
robust_eigvec_cos_9,0.2289038757005058,0.2906306994990761,5.556784656698087e-05,0.995502693853356,0.07494516226540222,78
robust_eigvec_cos_10,0.25659133759645203,0.28334251814049694,0.00023603194281292833,0.9916183537457902,0.15892683866505458,78
robust_eigvec_cos_11,0.18939000428779584,0.24624497568646447,0.00018106464606546793,0.9854700305427891,0.10483658903004789,78
robust_eigvec_cos_12,0.19485603049901273,0.24634552131923648,0.00019944795938224355,0.9890426747459458,0.10807375917254487,78
robust_eigvec_cos_13,0.19116675345339157,0.260708824435391,0.0003433578047483607,0.9979217561799791,0.08254686352215443,78
robust_eigvec_cos_14,0.18738955641649066,0.2496470956840069,4.517659143488925e-05,0.9781261681002591,0.0721538724264996,78
robust_eigvec_cos_15,0.15969540727932538,0.22251449497629924,8.372446630210839e-05,0.988162927284654,0.08168719568592198,78
robust_eigvec_cos_16,0.15804233117360214,0.20306072995597227,1.9298138386176064e-07,0.9177070005097397,0.06804090763603993,78
robust_eigvec_cos_17,0.16583271424881946,0.20374974617516495,1.8070484821505307e-07,0.8331028013080306,0.08220262887579814,78
robust_eigvec_cos_18,0.2293274715720499,0.2589652959575163,0.00010557867612839546,0.9849366469037016,0.1247217076959784,78
robust_eigvec_cos_19,0.14389194603994027,0.20603338147730124,0.001111900003540549,0.9569756021120848,0.06680134129187529,78
robust_eigvec_cos_20,0.1509354908386022,0.181127055968964,0.0009480127191017496,0.874719738033703,0.08904883825291211,78
robust_eigvec_cos_21,0.15122705306851042,0.20367462191111863,8.764656222629717e-05,0.9938119663680476,0.0897289662148542,78
robust_eigvec_cos_22,0.1573089629188314,0.1858804247955446,8.978341902013286e-09,0.9177523146145509,0.0941017118636073,78
robust_eigvec_cos_23,0.1234212308811009,0.17139768149482693,1.7003092661417103e-05,0.9671655818201803,0.06743869190939206,78
robust_eigvec_cos_24,0.15843764357560786,0.20345116079208694,0.00011788415661308827,0.9530426130980654,0.07496503826803225,78
robust_eigvec_cos_25,0.1311819291998216,0.18274409762206123,0.00014932832008886538,0.9473849989319784,0.07779938097066691,78
robust_eigvec_cos_26,0.1274318643891852,0.18983694531402584,7.960179261462827e-08,0.9740982815356997,0.06328996571108139,78
robust_eigvec_cos_27,0.1354099972026645,0.18858642561212297,7.758723678809542e-09,0.9805803901545038,0.06907434943907347,78
robust_eigvec_cos_28,0.15477168394096733,0.2002011905180851,1.1820704485482693e-09,0.9849573010121138,0.0716521351559144,78
robust_eigvec_cos_29,0.10759231580105841,0.11720577135960193,5.763908571551239e-05,0.5301949745419167,0.06302461811666522,78
robust_eigvec_cos_30,0.11001372593546171,0.1129336018922758,5.5170054459157735e-08,0.45378857109075543,0.06950197908150171,78
robust_eigvec_cos_31,0.11368211427578338,0.1393926250998295,1.0315689901298546e-09,0.8079680329850132,0.06803554487389829,78
robust_eigvec_cos_32,0.10794634357515356,0.1541041417320533,3.993791638773843e-08,0.8423509298722848,0.0398150576153201,78
robust_eigvec_cos_33,0.11919650447267963,0.17368565396198143,2.2474081985410628e-10,0.8752031176381408,0.04302014057193516,78
robust_eigvec_cos_34,0.1490830298191488,0.16204981632057833,1.1666998258211944e-09,0.9737548470651421,0.10629603024370585,78
robust_eigvec_cos_35,0.11951571113300744,0.15138780482407763,2.426718141021714e-09,0.9083893352441317,0.0586238809869924,78
robust_eigvec_cos_36,0.14429474336959416,0.1831348443933764,0.000290238896377918,0.9322910979626872,0.05708700462519637,78
robust_eigvec_cos_37,0.14060940175049955,0.18460915921872081,3.9912130414357164e-08,0.8204341912952375,0.06524636580663884,78
robust_eigvec_cos_38,0.14840983692280948,0.20245613655044165,9.316182162003505e-05,0.8812808062592137,0.0736463892044585,78
robust_eigvec_cos_39,0.12776162842047617,0.1587291893043795,4.0041708196639656e-05,0.7979830177433991,0.0640527916787571,78
robust_eigvec_cos_40,0.10955371955159972,0.16889515537988767,1.1457448931516538e-08,0.8420712721777152,0.04702410969925061,78
robust_eigvec_cos_41,0.13294532335729817,0.160553728447827,3.6468160367135685e-05,0.6775622008993725,0.06728062511744465,78
robust_eigvec_cos_42,0.13495166076731552,0.1893897136031402,3.617215701736881e-05,0.8715169667432558,0.04807963231013661,78
robust_eigvec_cos_43,0.11163039384974915,0.1793901454642574,2.3591915976720392e-09,0.9821914188672807,0.053751990869509374,78
robust_eigvec_cos_44,0.11808361164042995,0.16385111948726153,0.001213988005311573,0.9732523581819645,0.05626872328668983,78
robust_eigvec_cos_45,0.12025288492003493,0.1699744138300032,2.2993638172758985e-08,0.7747717924541796,0.047694679589989776,78
robust_eigvec_cos_46,0.1320840550110704,0.13290673546519532,4.5698660139611734e-09,0.6285294584761487,0.09270973660174142,78
robust_eigvec_cos_47,0.11930562616499213,0.14518013483438158,2.690508109455324e-09,0.6712677509547935,0.06392446145307949,78
robust_eigvec_cos_48,0.1195655749798851,0.15912951880871545,6.898328563620213e-09,0.7424786304127361,0.04857910975762339,78
robust_eigvec_cos_49,0.1232394356212929,0.16672051521104714,2.858014225235311e-09,0.7906229338308809,0.060785861899433316,78
robust_eigvec_cos_50,0.13908709439127487,0.17852456566769895,0.0010915039241100473,0.931612646901298,0.07637085833909985,78
robust_eigvec_cos_51,0.10735699120520395,0.15183837967928163,8.284430518228129e-09,0.980180243517612,0.046504458131613226,78
robust_eigvec_cos_52,0.11532959162897222,0.15123685939903148,4.362189918354887e-09,0.9767596299477218,0.04940200813076464,78
robust_eigvec_cos_53,0.11158661188162054,0.1508866844105964,2.1401424087768693e-09,0.7106994330250898,0.055438063457227085,78
robust_eigvec_cos_54,0.10741284115078074,0.14834562949837626,2.7132255451036293e-06,0.6439743066989057,0.05405554405869627,78
robust_eigvec_cos_55,0.13409102896437036,0.17463702513104015,4.056075040129428e-06,0.9789505252704407,0.06939392556220876,78
robust_eigvec_cos_56,0.10129290548036964,0.15696999826322428,2.505662877729336e-06,0.9707918740031909,0.043454998397901054,78
robust_eigvec_cos_57,0.11297205765389098,0.14195626467152603,1.4596589594277753e-05,0.7426037218101107,0.05889298276975132,78
robust_eigvec_cos_58,0.11051809138030891,0.13616294196040277,0.00024785467818419006,0.8080967769751946,0.07093057317405946,78
robust_eigvec_cos_59,0.12888961503611696,0.16695781805369544,3.5685598827562783e-10,0.9744016998560815,0.05973823276296333,78
nelo_eigvec_cos_top5,0.27638950829340286,0.14591528405072055,0.04500148422456686,0.6742120585372825,0.2573088107746355,78
nelo_eigvec_cos_top10,0.24000761123855277,0.09808365377377658,0.0651944502198997,0.47611066247276684,0.24433821366980385,78
nelo_eigvec_cos_top20,0.18768939594744052,0.06613527382781968,0.05749954126352258,0.3393348131540237,0.1921002085491511,78
nelo_eigvec_cos_top50,0.12638132562720122,0.039484647475930994,0.054209946004127055,0.2399772535469737,0.1265362117117248,78
nelo_eigvec_cos_all,0.11535638287025271,0.03587378001643086,0.0514068476667368,0.22278715537507543,0.11442583276954826,78
nelo_eigvec_cos_0,0.29096128292715573,0.3104382154651567,1.5050577768846242e-07,0.9982182314470959,0.1491334718945319,78
nelo_eigvec_cos_1,0.3381537612372548,0.31188817837684313,6.925148396155405e-09,0.9655852750484161,0.21522968963311168,78
nelo_eigvec_cos_2,0.279833824360727,0.26358652531811894,5.593364254169291e-06,0.9482656125784359,0.20312689639477477,78
nelo_eigvec_cos_3,0.2362157255619313,0.2592020451581464,2.464662049379104e-07,0.9919715787853469,0.12165603173902845,78
nelo_eigvec_cos_4,0.2367829473799459,0.24187105717125992,8.222428487811217e-14,0.9654127936934751,0.15334441305080596,78
nelo_eigvec_cos_5,0.23898962761719758,0.23645621210327936,1.0473137166248643e-14,0.9769371101424404,0.1586468324072886,78
nelo_eigvec_cos_6,0.2238544380540096,0.20662088666805856,0.0008508711058878888,0.8820359049641303,0.1545698716193113,78
nelo_eigvec_cos_7,0.19638060960078238,0.20084109028075783,4.9579723280135695e-05,0.9464934411804937,0.14080270944334566,78
nelo_eigvec_cos_8,0.19453152642349508,0.21025433323393242,5.921111317800837e-09,0.9879379141228222,0.11893137329161355,78
nelo_eigvec_cos_9,0.16437236922302811,0.18708573883969262,2.763092982329006e-06,0.8489962148220148,0.09640280838351427,78
nelo_eigvec_cos_10,0.15816646989586672,0.14989543045371298,0.0006581885595083773,0.8569572734097498,0.10191284499511016,78
nelo_eigvec_cos_11,0.14585883337367125,0.16701919719126587,7.29297602310237e-15,0.8946989729922353,0.08792187514249046,78
nelo_eigvec_cos_12,0.15537511366815446,0.16305795003494564,1.8276173177448758e-14,0.5868499821451991,0.10024276277093261,78
nelo_eigvec_cos_13,0.15268656072373016,0.14372450620615168,4.921490321839678e-14,0.7890075959070134,0.1316042965597459,78
nelo_eigvec_cos_14,0.15293798652122267,0.17671417953649204,4.201507710216916e-14,0.9248947862426194,0.10432235163687925,78
nelo_eigvec_cos_15,0.16762473341573111,0.18898173503929458,0.0030962871430825316,0.9038036500665997,0.10348927132140397,78
nelo_eigvec_cos_16,0.11789857473513607,0.13931538340275387,0.0003401521435296782,0.8705934023415495,0.07376844794417334,78
nelo_eigvec_cos_17,0.11362540445518586,0.13336552366864032,2.540377709475579e-13,0.6041334974410435,0.06926763070412637,78
nelo_eigvec_cos_18,0.08301941119513814,0.0792235317906267,0.0003017392684835664,0.3770373204727974,0.05355251118892018,78
nelo_eigvec_cos_19,0.10651871857944684,0.11498629438822283,0.00010164781316747645,0.5424876851673457,0.06918432609401406,78
nelo_eigvec_cos_20,0.1290441579977182,0.15082721868632715,6.088562249608049e-14,0.5826889937120865,0.06388881608506948,78
nelo_eigvec_cos_21,0.1168549172294501,0.12564456375578753,8.360705034240247e-14,0.5411783980858597,0.079353334767337,78
nelo_eigvec_cos_22,0.1060957771705106,0.1056785053248379,0.0005065299096312956,0.5392652114457092,0.07098879196502743,78
nelo_eigvec_cos_23,0.11260393299408597,0.12310539188262863,0.0005063143624762087,0.5802430797544795,0.07662398436982223,78
nelo_eigvec_cos_24,0.09971614975666639,0.09912877770124848,7.720682859785941e-06,0.40851573691634685,0.06889909324292542,78
nelo_eigvec_cos_25,0.11343217233098428,0.11675124444162036,0.00031633832302176455,0.5482928102429844,0.07812156888628147,78
nelo_eigvec_cos_26,0.10132977326685358,0.10966744370646438,6.539815107988291e-14,0.5645983022041522,0.0663959796974922,78
nelo_eigvec_cos_27,0.09810617478957474,0.11331702401271466,4.6711011417806916e-12,0.5826534912195961,0.05696593444493579,78
nelo_eigvec_cos_28,0.07647302782719151,0.07937186716186503,2.4530067995696945e-13,0.38366961391831905,0.04341049329870766,78
nelo_eigvec_cos_29,0.08912292691701709,0.09803324537184656,0.0002075363031395606,0.46223085858443763,0.04937173596227478,78
nelo_eigvec_cos_30,0.07662871050608923,0.09507262073561226,5.539544737073431e-05,0.5101846074614234,0.040137807011265944,78
nelo_eigvec_cos_31,0.09188947693025848,0.11334041311712999,3.8339903276406067e-13,0.7354071527294912,0.06072372345769016,78
nelo_eigvec_cos_32,0.08769047578774064,0.08323652916559614,5.96185806768754e-15,0.4019643869478653,0.06502121827081112,78
nelo_eigvec_cos_33,0.05913565527995848,0.06278703626460704,2.378591245388069e-13,0.2705724456443522,0.033605121869386884,78
nelo_eigvec_cos_34,0.06912724529070921,0.07993336163306206,9.307145232496566e-14,0.36312976912338374,0.03963223840774591,78
nelo_eigvec_cos_35,0.08916523589817198,0.10537984324173107,4.289986108607916e-13,0.7125227897519715,0.05847989137770465,78
nelo_eigvec_cos_36,0.06939080822079964,0.08117015710319464,3.1771278966068004e-05,0.3374274990373154,0.03604559225586534,78
nelo_eigvec_cos_37,0.08389402448256023,0.07937588746654413,0.00030993321784421606,0.2986300318082369,0.05611982188301247,78
nelo_eigvec_cos_38,0.08441993803483655,0.10719807013316847,3.645637824291651e-14,0.5272467517473003,0.04317548476479993,78
nelo_eigvec_cos_39,0.08920155758845329,0.09236548213871736,2.1955839683535954e-15,0.40584856974921446,0.06264047641569508,78
nelo_eigvec_cos_40,0.08134280695682573,0.07544657082438545,5.963703073031835e-14,0.27939049164825563,0.05565145890571467,78
nelo_eigvec_cos_41,0.08143785128813609,0.08661618954220875,3.4954548708311025e-14,0.4225201653793667,0.04764062334770439,78
nelo_eigvec_cos_42,0.07340263868082463,0.07904214078518404,6.821298273810948e-05,0.43232315608285493,0.04808528977745016,78
nelo_eigvec_cos_43,0.07655771204316163,0.0801110473648158,1.869998262935838e-14,0.4216154278288693,0.05042632342582098,78
nelo_eigvec_cos_44,0.07831193563021709,0.0896524577147392,0.00040357173956701736,0.461628664267293,0.05813508355209704,78
nelo_eigvec_cos_45,0.07186567041796489,0.07418332173863332,2.1704175080363255e-12,0.3807772874773232,0.052545118843291494,78
nelo_eigvec_cos_46,0.05983209377146082,0.061825610251183515,6.839835483501955e-14,0.2391440695304524,0.028912536771050924,78
nelo_eigvec_cos_47,0.06476314737949584,0.06181510715579869,1.8596964628447325e-13,0.3308700941912408,0.049691064378293,78
nelo_eigvec_cos_48,0.0686610954141238,0.09716039550936459,2.1248667367058902e-13,0.45694645630163067,0.03127754472919008,78
nelo_eigvec_cos_49,0.06578127252941084,0.08945370545666341,6.281312733607967e-14,0.6104487914957214,0.030555248972973938,78
nelo_eigvec_cos_50,0.05350279463730294,0.06881596531897784,0.0002113231801296307,0.3376025134711251,0.027148386055417754,78
nelo_eigvec_cos_51,0.07195715340365626,0.07284840458114218,3.4442393759288265e-14,0.3396477442301287,0.04486709786052752,78
nelo_eigvec_cos_52,0.07412769140633071,0.07990521629155159,0.0005590093787304308,0.4838000205813203,0.05181987593588264,78
nelo_eigvec_cos_53,0.046043821439393624,0.05097295313196096,2.3935473022671854e-05,0.22818903340678923,0.030884834498036376,78
nelo_eigvec_cos_54,0.06505706680923842,0.07544879852247405,5.3324236461319895e-15,0.3635848129739291,0.035041677896050887,78
nelo_eigvec_cos_55,0.0565531224633199,0.05855656788887316,0.00016533816196252635,0.23043417833090654,0.03620480297157243,78
nelo_eigvec_cos_56,0.05484086710318795,0.06376117832652593,7.919749552398428e-14,0.27421289705395774,0.03175065860272175,78
nelo_eigvec_cos_57,0.05739957188574525,0.06652389423372063,7.97506571920511e-06,0.3158169509232282,0.03207766743124546,78
nelo_eigvec_cos_58,0.0683047608576773,0.07303311660273433,3.2975203108840526e-05,0.3816013093062046,0.0450993739725287,78
nelo_eigvec_cos_59,0.05452984084924763,0.05607557703018731,1.345088252128655e-05,0.24836153996863058,0.03712126077981198,78
pred_eval_spectrum_rel_err_mean,164.32306032960278,106.64416004899351,1.4980877682344855,751.9474615496537,146.58217437270474,78
pred_eval_spectrum_rel_err_max,347.8776491051507,228.59138492251748,8.952499203462782,1712.822269921554,307.56331313513306,78
pred_eval_rel_err_mean,319.479939805297,195.22974511697123,2.0425802015640957,1156.085084989595,288.9290817828535,78
pred_eval_rel_err_max,514.8718009860279,397.99265283570554,8.952499203462782,2042.6423979641158,431.67504351123193,78
robust_eval_spectrum_rel_err_mean,0.13389733100596668,0.13600202050074417,0.009420928069767708,0.8942127356801367,0.09071099510290975,78
robust_eval_spectrum_rel_err_max,0.27484690498309217,0.2660685668810141,0.02637574111920984,1.6692585871844585,0.1954177703354396,78
robust_eval_rel_err_mean,0.35003755122914715,0.2973527652222696,0.026933837606969775,1.8481096972961857,0.27945492861480625,78
robust_eval_rel_err_max,1.0514193482237981,1.4095780113360932,0.08434463049327232,11.031671593337645,0.9773376479549825,78
nelo_eval_spectrum_rel_err_mean,0.48419919677144707,0.044260846327008566,0.35375801778913585,0.5582670520548244,0.4936899282178255,78
nelo_eval_spectrum_rel_err_max,0.9991975416363308,0.0012275727674246242,0.9933227197149338,0.9999998654778759,0.9996548648811364,78
nelo_eval_rel_err_mean,0.999211945291538,0.0012582079420650372,0.9934979283528166,0.9999999885561643,0.9997123863897821,78
nelo_eval_rel_err_max,0.9995766021163224,0.0009384533581065946,0.994804383915347,1.0,0.9999684804842239,78
gt_greens_max_principle,0.9743589743589743,0.15806189751202504,0.0,1.0,1.0,78
gt_greens_monotonicity,0.8811360259980623,0.08679257871147907,0.5298420438884767,0.9929,0.9049952445244525,78
gt_greens_distance_corr,0.8358235430776005,0.19815615814582632,-0.029243477529131846,0.980009434668678,0.884511140300593,78
gt_greens_residual,0.050631586873439896,0.04000858932343749,0.008191064300376236,0.2100095976840496,0.04024563022512434,78
pred_greens_max_principle,0.3717948717948718,0.4832840211530965,0.0,1.0,0.0,78
pred_greens_monotonicity,0.5861048496475444,0.2952490608139725,0.007194244604316547,0.9834,0.6545964678807284,78
pred_greens_distance_corr,0.07885322010631728,0.6309038269717633,-0.9399586780637968,0.9794274640650703,0.022367905624268453,78
pred_greens_residual,0.0016890727115304056,0.003376016203446919,1.51867685672793e-05,0.0240293607050182,0.0004552495408690441,78
robust_greens_max_principle,1.0,0.0,1.0,1.0,1.0,78
robust_greens_monotonicity,0.8141324434080025,0.15108894861979358,0.27977099236641223,1.0,0.8511253598364756,78
robust_greens_distance_corr,0.506760934108573,0.41534465774725265,-0.6499628734171577,0.9819514535817114,0.6092018989791294,78
robust_greens_residual,0.038893506674388005,0.031029593513087542,0.007575460199417311,0.16391753540365367,0.029421438160898886,78
robust_greens_gt_corr,0.6714858239536928,0.31526898208198195,0.036358218531069866,0.9999999999994372,0.8058836528646119,68
nelo_greens_max_principle,1.0,0.0,1.0,1.0,1.0,78
nelo_greens_monotonicity,0.7968540619740627,0.1584778615987271,0.2525597269624573,1.0,0.830771348677954,78
nelo_greens_distance_corr,0.49464878212582886,0.38614647478581904,-0.8030194609404854,0.9752629591176908,0.5838532095404008,78
nelo_greens_residual,0.050102418791221494,0.11228520364336453,0.005629751529672701,0.9975500257596532,0.025518302105443636,78
nelo_greens_gt_corr,0.6265951764563877,0.28976134537676923,0.012597672185782241,0.9999059379055083,0.6620774614723641,69
gt_geodesic_corr,0.35061404124937007,0.3112368284151323,-0.2643164902933149,0.9775002644117824,0.3341922496059532,78
gt_geodesic_mae,0.22660365738356797,0.08789349104959406,0.0543376230780834,0.5668026505806809,0.21402397361156048,78
gt_geodesic_max_err,0.6968616734942871,0.15623588460396112,0.17413240849654332,0.9958368440015799,0.6851433821001072,78
gt_geodesic_monotonicity,0.6515343985159576,0.12477256741000597,0.3846,0.9381568310428456,0.652658583467983,78
pred_geodesic_corr,0.5404049407849975,0.3811495633125104,-0.4991233739903101,0.9982800596044994,0.6610717070283803,78
pred_geodesic_mae,0.18834944148563215,0.09935360570191697,0.020837770905845928,0.43627533582448197,0.18300859697653676,78
pred_geodesic_max_err,0.5823315739378526,0.2370592969227817,0.08142356664701704,0.9693398022732742,0.6354043922413999,78
pred_geodesic_monotonicity,0.6184801074320938,0.3031147337314264,0.014202840568113623,0.9858,0.7052937712797918,78
robust_pp3d_geodesic_corr,0.6214702909173508,0.390660269689865,-0.48179452766586783,0.9997434770748015,0.8026210602712637,78
robust_pp3d_geodesic_mae,0.12915867593292427,0.09248074998291281,0.0064331222435572415,0.39775577260516093,0.11952861944775958,78
robust_pp3d_geodesic_max_err,0.44945508054152666,0.2639989464785216,0.02665492337564157,0.9759835845204942,0.41171826833657266,78
robust_pp3d_geodesic_monotonicity,0.6696384591833361,0.3212949162342241,0.000600120024004801,0.994,0.7730200155793225,78
nelo_geodesic_corr,0.26436063873625204,0.45629148687727167,-0.8797177219031521,0.9399064983701855,0.3367955871994365,78
nelo_geodesic_mae,0.37488833075400396,0.15625983119879588,0.08843186119223848,0.7197146521662745,0.36709105628290556,78
nelo_geodesic_max_err,0.848553363508371,0.170008496415325,0.3669461755564143,1.0,0.8925213330668065,78
nelo_geodesic_monotonicity,0.5223320505195884,0.2609861352785438,0.028205641128225645,0.9552,0.5754714628777267,78
gt_nnz,72562.30769230769,62424.737773251174,7476.0,271204.0,48340.0,78
gt_density_pct,0.1545187823810416,0.15748377437805655,0.01807077830333886,0.6554307116104869,0.10258436692581738,78
gt_avg_nnz_per_row,7.0333124011070725,0.20878831876414655,6.06351606805293,8.164179104477611,7.001844169953474,78
pred_nnz,245962.20512820513,213592.49383541013,24186.0,903098.0,164677.5,78
pred_density_pct,0.5208234641254654,0.5249013688762867,0.0601749374794941,2.120418297353028,0.3617824604132369,78
pred_avg_nnz_per_row,23.801600982979433,1.003902575691867,21.167036215816704,25.80811232449298,23.977903185830584,78
robust_nnz,81488.97435897436,69211.42287353172,10034.0,292818.0,55815.5,78
robust_density_pct,0.1791635300202772,0.19057551788400148,0.019510955447659614,0.8893377659947537,0.11801870931219363,78
robust_avg_nnz_per_row,8.019437632933355,0.7803834799621074,5.501744591765527,10.444540727902947,7.910145018127266,78
nelo_nnz,241425.10256410256,208493.42279551527,23970.0,860844.0,161659.5,78
nelo_density_pct,0.5128349041900913,0.5172226561968061,0.05735948244774944,2.101481294449354,0.35236806623109307,78
nelo_avg_nnz_per_row,23.408988146447076,0.9681265354716174,20.915373244641536,25.478939157566302,23.614838001714304,78
